Point_ID,Latitude,Longitude,LST (Â°C),Elevation,Slope,Aspect,EVI,NDVI,TVI,BSI,NDBaI,NDBSI,NMDI,OSAVI,SAVI,BUI,EBBI,NBI,NBAI,UI,MNDWI,NDWI,Year
1,22.85,86.2,40.5,150.0,2.5,185.0,0.08,0.12,65.4,0.45,0.38,0.41,0.35,0.15,0.18,0.33,0.29,0.25,0.21,0.39,-0.35,-0.4,2010
2,22.95,86.45,25.1,220.0,8.2,45.0,0.65,0.72,115.8,-0.21,-0.25,-0.19,-0.3,0.75,0.81,-0.15,-0.18,-0.22,-0.2,-0.28,0.55,0.62,2010
3,22.78,86.33,32.8,185.0,5.1,270.0,0.25,0.31,88.2,0.15,0.11,0.18,0.05,0.33,0.39,0.09,0.12,0.07,0.05,0.14,0.02,-0.05,2010
4,22.69,86.51,28.4,205.0,6.7,130.0,0.45,0.53,99.6,-0.05,-0.09,-0.02,-0.15,0.58,0.64,-0.03,-0.07,-0.1,-0.08,-0.12,0.21,0.15,2010
5,22.83413,86.45592,34.4,154.0,7.0,178.0,0.36,0.37,113.3,,,,-0.02,0.66,0.78,0.0,0.13,-0.17,-0.24,-0.14,0.15,-0.35,2010
6,22.83903,86.37691,31.7,196.0,8.0,263.0,0.4,0.37,108.3,,,,-0.28,0.29,0.5,0.0,0.06,0.13,-0.02,-0.21,0.19,-0.45,2010
7,22.80339,86.28331,30.5,143.0,5.5,203.0,0.45,0.47,114.2,,,,-0.31,0.65,0.57,0.35,0.06,-0.25,0.09,0.19,0.03,0.06,2010
8,22.90011,86.50033,33.4,219.0,6.5,336.0,0.59,0.47,108.3,,,,-0.11,0.5,0.57,0.34,0.09,0.25,-0.03,0.05,0.26,0.11,2010
9,22.83088,86.31213,30.7,180.0,3.3,257.0,0.55,0.42,120.0,,,,-0.04,0.23,0.64,0.08,-0.17,0.19,-0.22,-0.19,0.32,-0.45,2010
10,22.86079,86.15918,36.0,199.0,4.8,360.0,0.4,0.47,60.0,,,,-0.04,0.57,0.36,-0.19,0.3,-0.07,-0.07,0.13,-0.31,-0.2,2010
11,22.82544,86.33827,36.4,234.0,7.7,184.0,0.16,0.41,83.2,,,,-0.18,0.59,0.49,0.28,0.01,0.16,0.25,-0.06,0.17,-0.26,2010
12,22.82361,86.33313,38.8,194.0,6.4,168.0,0.42,0.34,92.8,,,,0.16,0.32,0.85,-0.2,-0.11,-0.12,-0.04,0.33,-0.4,0.5,2010
13,22.89944,86.23401,30.4,159.0,4.3,0.0,0.5,0.1,100.5,,,,0.13,0.29,0.58,-0.17,-0.2,-0.07,-0.03,-0.08,0.08,0.65,2010
14,22.93893,86.44646,30.0,170.0,8.2,331.0,0.59,0.39,61.2,,,,-0.22,0.4,0.79,-0.2,-0.09,-0.25,0.01,0.06,0.27,-0.43,2010
15,22.77608,86.35483,30.1,175.0,6.3,163.0,0.33,0.56,76.2,,,,0.04,0.75,0.29,-0.08,-0.01,0.02,-0.16,0.14,0.22,0.3,2010
16,22.82271,86.32104,40.1,218.0,7.6,161.0,0.29,0.67,98.5,,,,-0.05,0.75,0.85,-0.2,0.3,-0.03,0.03,0.44,0.16,0.13,2010
17,22.84874,86.40317,36.6,189.0,4.8,142.0,0.5,0.5,78.6,,,,0.39,0.11,0.69,-0.17,-0.2,0.1,0.06,0.08,0.43,0.5,2010
18,22.86237,86.4287,35.9,202.0,6.9,129.0,0.24,0.44,77.7,,,,-0.04,0.4,0.63,-0.03,-0.16,0.03,-0.01,0.02,0.16,-0.1,2010
19,22.87344,86.24711,33.6,210.0,3.6,165.0,0.46,0.45,115.6,,,,-0.21,0.75,0.48,0.14,-0.11,-0.12,0.08,0.05,0.01,0.26,2010
20,22.84467,86.47007,31.3,216.0,9.4,221.0,0.61,0.27,87.9,,,,0.04,0.26,0.45,0.35,-0.03,-0.11,-0.07,0.23,-0.33,0.42,2010
21,22.81857,86.49551,35.0,161.0,4.9,360.0,0.4,0.14,96.8,,,,-0.26,0.38,0.58,-0.06,-0.05,-0.25,0.04,-0.01,0.16,0.23,2010
22,22.82595,86.45276,35.3,167.0,2.1,143.0,0.48,0.75,80.4,,,,-0.22,0.42,0.28,-0.01,0.3,0.25,-0.0,0.42,-0.17,0.26,2010
23,22.86894,86.30448,33.6,188.0,6.0,175.0,0.37,0.62,78.7,,,,0.06,0.38,0.3,-0.01,0.3,0.06,-0.05,0.05,0.1,0.02,2010
24,22.83991,86.20506,32.9,216.0,7.9,84.0,0.36,0.47,97.0,,,,-0.35,0.75,0.3,-0.15,-0.09,-0.25,-0.05,-0.3,0.23,-0.36,2010
25,22.77756,86.22867,32.9,187.0,5.6,175.0,0.13,0.42,98.6,,,,-0.12,0.36,0.68,0.35,-0.13,0.07,-0.03,0.15,-0.27,-0.16,2010
26,22.83879,86.30588,30.9,187.0,3.8,120.0,0.28,0.4,73.8,,,,-0.02,0.5,0.42,-0.17,0.02,0.14,0.25,0.16,-0.17,0.65,2010
27,22.73223,86.35324,26.4,198.0,2.6,131.0,0.5,0.33,76.8,,,,0.08,0.47,0.3,0.12,0.06,0.02,-0.11,0.13,0.46,0.65,2010
28,22.75876,86.33699,24.0,168.0,3.5,257.0,0.29,0.29,103.7,,,,0.11,0.37,0.41,-0.06,0.19,0.01,-0.03,0.22,0.2,0.16,2010
29,22.82248,86.39997,30.1,197.0,7.0,65.0,0.32,0.32,120.0,,,,0.31,0.38,0.41,0.24,0.3,0.23,-0.21,-0.09,-0.14,-0.01,2010
30,22.84893,86.32573,38.9,202.0,6.1,144.0,0.25,0.1,106.9,,,,0.02,0.59,0.55,0.23,-0.07,-0.21,-0.04,0.45,0.6,0.17,2010
31,22.85573,86.31927,39.9,153.0,2.8,97.0,0.49,0.36,85.5,,,,0.39,0.16,0.54,0.01,0.08,0.03,-0.09,0.4,0.2,-0.23,2010
32,22.78308,86.31372,35.6,240.0,5.2,77.0,0.57,0.48,73.1,,,,-0.2,0.22,0.41,0.31,0.3,0.05,-0.21,0.19,0.31,0.32,2010
33,22.82472,86.28277,24.0,158.0,3.4,177.0,0.16,0.27,80.0,,,,-0.11,0.59,0.37,-0.08,0.3,0.13,0.01,0.03,-0.18,0.16,2010
34,22.70917,86.34057,34.2,233.0,6.0,229.0,0.43,0.75,120.0,,,,-0.34,0.15,0.51,0.12,0.14,-0.0,0.08,0.19,0.26,-0.12,2010
35,22.83964,86.48783,30.8,192.0,7.2,70.0,0.44,0.36,110.3,,,,-0.07,0.3,0.47,-0.2,-0.11,-0.25,-0.07,0.32,-0.3,0.18,2010
36,22.89487,86.34872,24.0,193.0,7.1,332.0,0.32,0.53,88.2,,,,-0.08,0.32,0.35,-0.14,0.18,0.14,-0.06,0.0,-0.4,0.27,2010
37,22.83212,86.43724,25.6,234.0,5.9,257.0,0.46,0.61,95.5,,,,0.07,0.72,0.46,0.34,-0.2,-0.25,0.01,-0.09,-0.12,0.17,2010
38,22.73847,86.48998,33.0,167.0,5.8,72.0,0.38,0.24,93.7,,,,-0.03,0.67,0.46,-0.2,-0.14,0.25,0.02,0.09,-0.25,0.58,2010
39,22.85586,86.45725,28.8,194.0,7.0,239.0,0.39,0.12,83.9,,,,-0.13,0.6,0.55,0.02,-0.05,-0.22,-0.05,0.45,0.13,0.4,2010
40,22.81219,86.4501,30.3,157.0,3.3,152.0,0.31,0.75,91.1,,,,0.17,0.75,0.68,0.31,0.07,0.25,0.12,0.24,0.1,-0.02,2010
41,22.84512,86.29595,30.2,186.0,6.9,241.0,0.2,0.5,77.3,,,,-0.06,0.42,0.85,-0.1,-0.2,0.21,-0.03,0.15,-0.06,-0.26,2010
42,22.86334,86.1875,24.0,170.0,5.8,53.0,0.18,0.59,92.2,,,,-0.13,0.7,0.62,0.03,-0.2,0.14,0.15,-0.19,0.04,0.42,2010
43,22.752,86.27088,37.9,178.0,9.7,287.0,0.46,0.1,115.7,,,,-0.06,0.44,0.63,0.35,-0.01,-0.02,-0.04,-0.06,0.31,-0.45,2010
44,22.86441,86.36434,39.0,192.0,5.4,191.0,0.51,0.45,85.8,,,,0.26,0.3,0.69,0.09,0.3,0.25,-0.15,0.24,-0.07,0.32,2010
45,22.82369,86.45816,39.0,194.0,1.8,131.0,0.59,0.75,99.3,,,,-0.22,0.52,0.51,0.27,0.09,0.18,0.19,-0.23,-0.32,0.14,2010
46,22.75582,86.3481,34.7,150.0,6.3,72.0,0.43,0.44,84.3,,,,-0.1,0.56,0.77,0.22,0.06,0.0,0.02,-0.3,-0.3,0.05,2010
47,22.72658,86.43787,24.0,174.0,7.1,184.0,0.26,0.5,102.9,,,,-0.03,0.32,0.52,-0.09,-0.13,-0.02,0.04,0.17,0.12,0.48,2010
48,22.84858,86.47382,26.5,212.0,3.6,316.0,0.44,0.75,116.0,,,,0.15,0.59,0.53,0.1,0.25,0.0,-0.12,0.3,-0.4,-0.01,2010
49,22.83413,86.21372,33.3,190.0,7.2,134.0,0.2,0.4,60.0,,,,-0.18,0.33,0.4,-0.09,0.26,-0.08,-0.25,0.2,0.16,-0.37,2010
50,22.81054,86.30608,24.0,140.0,3.5,340.0,0.27,0.52,64.4,,,,-0.01,0.37,0.45,-0.1,-0.2,0.25,-0.0,-0.14,0.21,0.04,2010
51,22.76035,86.41927,26.6,194.0,4.5,225.0,0.4,0.59,90.6,,,,0.24,0.34,0.55,-0.11,0.24,0.03,-0.2,-0.15,0.6,-0.45,2010
52,22.85896,86.4409,29.7,179.0,3.5,250.0,0.27,0.27,83.7,,,,-0.13,0.32,0.59,0.0,-0.03,-0.25,0.13,-0.13,0.6,-0.45,2010
53,22.89735,86.37959,24.4,190.0,3.2,115.0,0.48,0.19,74.7,,,,0.0,0.43,0.26,0.3,-0.01,-0.07,0.08,-0.0,0.29,0.65,2010
54,22.77532,86.40149,32.4,201.0,6.6,356.0,0.4,0.52,66.1,,,,-0.04,0.69,0.61,0.35,0.25,0.23,-0.04,0.02,0.29,-0.15,2010
55,22.742,86.41914,31.0,179.0,2.5,100.0,0.09,0.35,64.2,,,,0.1,0.41,0.54,0.02,-0.18,-0.25,0.16,-0.29,0.58,-0.18,2010
56,22.79941,86.31642,34.7,214.0,3.6,143.0,0.44,0.65,86.0,,,,-0.11,0.51,0.65,0.35,-0.1,-0.01,-0.17,0.41,-0.09,0.24,2010
57,22.87667,86.37462,29.5,194.0,3.8,0.0,0.05,0.13,101.1,,,,0.26,0.25,0.85,0.04,0.22,-0.13,0.15,-0.26,0.1,-0.3,2010
58,22.81218,86.34284,36.8,206.0,6.2,151.0,0.25,0.59,82.0,,,,-0.2,0.37,0.78,0.14,0.3,0.03,0.04,0.2,0.5,-0.1,2010
59,22.83679,86.29407,39.1,195.0,3.2,167.0,0.34,0.75,80.2,,,,0.0,0.41,0.15,0.18,0.26,-0.03,-0.13,0.31,-0.02,0.21,2010
60,22.85292,86.43333,24.0,182.0,4.0,254.0,0.31,0.41,86.4,,,,0.05,0.58,0.63,0.09,-0.05,-0.01,-0.03,-0.15,-0.02,-0.3,2010
61,22.82316,86.3401,33.1,224.0,3.9,357.0,0.35,0.4,66.0,,,,0.08,0.25,0.45,0.09,0.02,-0.08,0.16,0.04,-0.13,-0.12,2010
62,22.86267,86.36964,34.1,160.0,5.4,0.0,0.54,0.22,119.1,,,,0.07,0.28,0.2,-0.03,0.3,0.08,0.25,-0.3,-0.16,0.07,2010
63,22.89771,86.35463,34.3,218.0,6.9,174.0,0.44,0.52,87.3,,,,-0.27,0.5,0.65,0.33,0.08,0.1,0.15,-0.28,0.11,0.49,2010
64,22.81555,86.35139,24.0,177.0,4.1,176.0,0.46,0.22,110.2,,,,0.22,0.74,0.15,-0.18,0.06,0.02,-0.06,-0.08,-0.08,-0.22,2010
65,22.79326,86.4071,28.6,164.0,2.5,283.0,0.28,0.58,69.9,,,,-0.14,0.36,0.4,0.26,0.18,-0.07,0.1,0.07,0.12,0.45,2010
66,22.83232,86.46972,37.3,197.0,7.6,270.0,0.5,0.5,120.0,,,,-0.03,0.67,0.41,0.2,0.3,-0.25,-0.25,-0.01,-0.06,0.23,2010
67,22.85186,86.37965,24.3,213.0,6.1,267.0,0.28,0.35,120.0,,,,-0.2,0.22,0.59,0.26,-0.12,0.25,0.25,0.28,-0.27,-0.36,2010
68,22.88505,86.35282,33.3,154.0,5.9,0.0,0.56,0.3,101.2,,,,-0.35,0.57,0.62,0.14,0.19,0.25,0.14,0.12,0.44,0.13,2010
69,22.85205,86.43277,29.3,203.0,4.7,360.0,0.47,0.42,108.8,,,,0.33,0.36,0.38,0.15,0.04,-0.2,-0.04,0.03,0.32,-0.3,2010
70,22.82025,86.45578,35.1,204.0,7.2,203.0,0.41,0.33,84.9,,,,0.29,0.36,0.25,-0.2,-0.18,0.25,-0.01,-0.14,-0.4,0.12,2010
71,22.79009,86.32174,35.1,200.0,4.0,166.0,0.5,0.47,105.7,,,,-0.28,0.58,0.42,0.19,0.3,0.13,-0.08,-0.14,-0.0,0.23,2010
72,22.73681,86.46704,32.8,223.0,6.4,138.0,0.65,0.13,77.6,,,,-0.28,0.7,0.62,-0.1,0.19,0.2,0.15,0.23,0.33,-0.15,2010
73,22.84546,86.27038,35.1,175.0,7.4,298.0,0.28,0.42,110.8,,,,0.08,0.34,0.39,-0.06,0.11,0.16,-0.15,0.35,-0.05,0.37,2010
74,22.79205,86.48334,30.7,205.0,3.8,45.0,0.28,0.49,83.9,,,,0.02,0.56,0.64,0.2,0.06,-0.02,-0.25,0.15,-0.4,0.07,2010
75,22.8918,86.3042,40.0,227.0,6.1,277.0,0.27,0.64,71.9,,,,-0.05,0.75,0.34,-0.01,0.28,-0.25,0.25,0.16,0.33,-0.19,2010
76,22.84403,86.37773,35.0,147.0,4.6,126.0,0.12,0.18,60.0,,,,0.0,0.21,0.5,-0.09,-0.18,0.14,0.21,0.01,0.28,-0.25,2010
77,22.79301,86.4059,29.7,192.0,4.0,149.0,0.2,0.23,79.4,,,,0.07,0.22,0.41,0.07,0.3,-0.25,-0.15,0.15,0.19,0.04,2010
78,22.87472,86.36932,33.1,204.0,6.4,145.0,0.47,0.44,77.2,,,,0.19,0.75,0.63,0.2,0.3,-0.25,-0.25,-0.11,0.32,0.08,2010
79,22.84922,86.38555,33.3,199.0,3.4,179.0,0.3,0.7,68.2,,,,-0.13,0.39,0.72,0.31,-0.08,0.2,0.01,0.16,0.18,0.52,2010
80,22.83587,86.31494,29.7,180.0,4.2,104.0,0.59,0.39,102.2,,,,0.11,0.22,0.66,0.29,-0.2,0.0,0.04,0.19,0.18,0.33,2010
81,22.78697,86.36056,30.2,213.0,8.4,200.0,0.33,0.56,87.0,,,,0.13,0.36,0.37,0.15,0.15,-0.06,-0.22,0.26,0.19,0.06,2010
82,22.81501,86.36607,36.8,152.0,5.8,360.0,0.29,0.23,90.7,,,,0.22,0.1,0.59,0.35,-0.12,0.25,0.24,0.3,-0.13,0.29,2010
83,22.8366,86.25818,29.9,160.0,5.1,249.0,0.32,0.2,74.3,,,,0.11,0.43,0.23,0.3,0.08,0.02,-0.1,0.17,0.6,-0.0,2010
84,22.78262,86.41074,31.7,239.0,4.8,0.0,0.19,0.1,100.0,,,,-0.28,0.37,0.15,0.12,-0.2,-0.16,-0.02,0.45,0.03,-0.14,2010
85,22.77548,86.29992,26.5,213.0,1.8,138.0,0.21,0.75,76.1,,,,-0.35,0.35,0.68,0.12,0.05,0.22,0.08,0.15,-0.04,0.08,2010
86,22.79931,86.46362,34.3,175.0,8.0,360.0,0.35,0.44,98.5,,,,-0.3,0.38,0.69,0.35,0.17,-0.02,0.03,0.18,0.36,0.44,2010
87,22.80277,86.3375,29.7,227.0,7.6,120.0,0.39,0.43,97.3,,,,-0.2,0.52,0.15,0.26,0.11,0.21,-0.25,0.35,0.2,0.22,2010
88,22.83625,86.50988,36.0,197.0,7.4,252.0,0.05,0.19,94.3,,,,-0.13,0.66,0.39,0.35,0.24,-0.08,0.07,0.45,-0.25,0.28,2010
89,22.82448,86.41251,41.0,178.0,4.7,56.0,0.11,0.38,83.7,,,,-0.07,0.64,0.38,-0.07,-0.02,0.16,-0.25,0.32,-0.06,0.65,2010
90,22.76409,86.27089,32.1,207.0,3.9,274.0,0.34,0.75,75.6,,,,-0.1,0.75,0.62,0.05,0.3,-0.04,-0.2,-0.09,-0.13,0.08,2010
91,22.76282,86.51614,30.7,205.0,7.6,142.0,0.49,0.68,115.0,,,,0.11,0.3,0.68,-0.07,-0.2,-0.25,-0.03,-0.18,0.23,0.12,2010
92,22.74802,86.30729,36.5,209.0,5.6,211.0,0.39,0.75,104.9,,,,-0.35,0.24,0.44,-0.04,0.02,0.08,0.25,0.15,0.42,-0.35,2010
93,22.83968,86.31103,36.8,151.0,6.4,41.0,0.07,0.75,103.6,,,,-0.14,0.47,0.52,-0.2,0.13,0.02,0.08,-0.3,0.27,0.37,2010
94,22.79086,86.34369,27.7,196.0,7.3,192.0,0.58,0.53,84.1,,,,0.23,0.29,0.27,-0.14,0.16,-0.15,-0.08,-0.16,0.46,0.22,2010
95,22.86971,86.37571,36.7,206.0,3.5,268.0,0.24,0.1,107.3,,,,-0.26,0.72,0.47,-0.1,-0.1,0.05,0.18,-0.17,0.08,-0.35,2010
96,22.85343,86.34907,26.7,206.0,3.1,161.0,0.32,0.33,120.0,,,,-0.29,0.42,0.37,0.03,0.15,0.25,-0.25,-0.3,-0.4,-0.31,2010
97,22.86261,86.50025,37.2,172.0,6.8,203.0,0.38,0.53,105.7,,,,0.28,0.26,0.79,-0.04,-0.1,-0.0,0.18,0.16,-0.14,0.59,2010
98,22.77982,86.28923,28.7,176.0,1.7,288.0,0.67,0.45,60.0,,,,0.33,0.45,0.73,-0.17,0.15,-0.01,-0.25,-0.24,0.04,-0.01,2010
99,22.76377,86.42528,34.3,186.0,3.8,297.0,0.59,0.36,85.0,,,,0.14,0.29,0.68,-0.0,0.15,-0.08,-0.06,-0.09,0.6,0.11,2010
100,22.75802,86.40189,30.8,202.0,8.1,146.0,0.6,0.25,117.5,,,,-0.08,0.7,0.36,0.24,-0.08,0.07,-0.25,-0.29,-0.05,0.18,2010
101,22.83929,86.35509,38.1,200.0,4.8,186.0,0.5,0.36,88.4,,,,-0.19,0.41,0.42,0.23,-0.14,0.24,0.0,0.18,0.06,0.35,2010
102,22.75294,86.3064,39.6,200.0,6.7,19.0,0.68,0.35,75.7,,,,-0.35,0.58,0.37,0.13,-0.15,-0.25,0.13,0.3,-0.31,-0.27,2010
103,22.8143,86.28544,29.3,215.0,7.1,35.0,0.31,0.29,95.3,,,,-0.25,0.38,0.83,-0.2,0.3,-0.18,-0.25,-0.16,0.58,0.27,2010
104,22.76779,86.36841,33.9,201.0,4.4,232.0,0.06,0.29,81.8,,,,0.01,0.14,0.62,0.2,0.22,0.1,0.03,0.06,0.23,0.17,2010
105,22.77767,86.35142,27.4,164.0,10.0,223.0,0.41,0.67,73.2,,,,0.21,0.7,0.38,-0.01,-0.2,-0.12,-0.02,0.45,0.59,0.29,2010
106,22.82154,86.36245,39.5,165.0,3.0,161.0,0.34,0.67,92.4,,,,0.17,0.28,0.53,0.13,-0.09,0.2,-0.11,0.15,0.11,-0.36,2010
107,22.85102,86.4577,32.9,203.0,8.1,134.0,0.28,0.75,120.0,,,,0.05,0.6,0.36,0.17,0.3,0.25,-0.16,-0.2,-0.14,-0.44,2010
108,22.79688,86.44367,32.9,166.0,5.5,23.0,0.41,0.38,104.6,,,,-0.27,0.59,0.65,0.29,0.3,-0.09,0.16,0.2,0.59,0.14,2010
109,22.7309,86.42094,29.8,181.0,5.9,229.0,0.42,0.62,88.6,,,,0.21,0.53,0.45,-0.19,0.3,0.04,-0.1,0.1,0.33,0.09,2010
110,22.78505,86.30504,36.4,177.0,9.1,360.0,0.49,0.29,74.8,,,,0.04,0.1,0.15,-0.19,-0.2,0.06,0.01,0.31,-0.0,0.2,2010
111,22.7679,86.39423,27.5,164.0,4.0,176.0,0.3,0.32,60.0,,,,-0.23,0.43,0.65,0.26,-0.03,0.12,-0.04,0.45,0.21,-0.05,2010
112,22.79712,86.42692,31.6,180.0,5.6,196.0,0.47,0.21,84.1,,,,0.15,0.75,0.7,0.29,0.15,-0.14,0.19,0.27,0.6,-0.15,2010
113,22.82945,86.37925,38.8,169.0,9.0,134.0,0.23,0.56,63.1,,,,0.02,0.4,0.5,-0.2,0.04,0.19,-0.04,0.28,0.33,-0.17,2010
114,22.81763,86.27309,29.7,182.0,6.1,311.0,0.51,0.26,120.0,,,,-0.18,0.34,0.59,-0.01,0.23,0.22,0.15,-0.16,0.6,-0.03,2010
115,22.91412,86.36728,33.6,232.0,7.6,281.0,0.19,0.6,60.0,,,,-0.06,0.48,0.23,0.06,-0.13,-0.08,0.01,0.11,0.6,0.04,2010
116,22.78933,86.4013,32.4,210.0,9.6,157.0,0.23,0.31,62.9,,,,0.08,0.53,0.28,-0.19,0.22,0.25,0.06,-0.3,-0.11,-0.19,2010
117,22.80821,86.38575,30.2,187.0,9.4,217.0,0.55,0.38,86.7,,,,0.08,0.1,0.65,-0.2,0.3,-0.08,-0.1,-0.3,0.4,-0.1,2010
118,22.86214,86.39006,35.1,228.0,5.6,82.0,0.31,0.17,95.8,,,,-0.1,0.5,0.45,0.15,-0.07,0.03,0.0,0.35,0.12,0.32,2010
119,22.81818,86.51478,34.3,231.0,7.2,74.0,0.23,0.3,69.9,,,,0.15,0.4,0.42,0.35,-0.19,0.25,-0.11,-0.12,0.33,-0.14,2010
120,22.72811,86.49103,36.4,190.0,8.3,225.0,0.2,0.4,119.7,,,,-0.1,0.62,0.22,0.09,-0.06,-0.13,-0.01,0.39,0.19,-0.25,2010
121,22.80881,86.46884,28.7,144.0,5.8,142.0,0.38,0.25,75.6,,,,-0.15,0.46,0.35,0.15,0.07,0.03,-0.01,0.02,0.03,0.23,2010
122,22.66038,86.33456,24.6,198.0,4.6,212.0,0.54,0.44,74.7,,,,0.22,0.72,0.55,0.09,0.13,-0.09,-0.1,-0.03,0.08,-0.07,2010
123,22.82786,86.35149,28.8,188.0,4.4,249.0,0.4,0.24,74.4,,,,0.19,0.53,0.4,0.08,-0.09,-0.15,0.09,-0.12,0.44,-0.19,2010
124,22.71819,86.39108,36.8,147.0,4.3,65.0,0.3,0.22,120.0,,,,0.1,0.34,0.34,-0.2,0.11,0.03,0.16,0.08,-0.03,0.43,2010
125,22.77856,86.51323,34.8,165.0,7.5,159.0,0.65,0.36,105.4,,,,0.12,0.72,0.73,0.11,0.06,-0.12,-0.05,-0.04,0.28,0.39,2010
126,22.88352,86.36933,38.0,174.0,5.5,249.0,0.27,0.21,78.7,,,,0.38,0.44,0.75,0.35,0.24,-0.16,0.14,-0.17,-0.05,0.02,2010
127,22.75903,86.40211,29.8,140.0,3.7,145.0,0.61,0.3,76.8,,,,0.12,0.58,0.54,0.35,-0.13,0.13,0.16,-0.29,0.31,-0.04,2010
128,22.83928,86.32237,24.0,170.0,4.4,313.0,0.25,0.75,84.4,,,,0.25,0.75,0.36,0.3,0.16,-0.05,0.15,0.23,0.44,0.06,2010
129,22.77834,86.47558,24.0,204.0,10.0,36.0,0.43,0.14,95.3,,,,-0.02,0.47,0.8,0.3,-0.2,-0.04,-0.03,0.34,0.38,-0.35,2010
130,22.71525,86.34586,36.6,217.0,6.5,144.0,0.42,0.5,84.3,,,,-0.02,0.57,0.42,-0.01,0.14,0.25,0.11,-0.18,0.26,0.48,2010
131,22.9557,86.44215,40.5,167.0,4.4,330.0,0.24,0.22,88.1,,,,-0.08,0.39,0.82,0.07,0.13,-0.18,0.0,-0.25,-0.34,0.18,2010
132,22.75868,86.3381,24.0,182.0,7.4,59.0,0.4,0.1,107.4,,,,-0.03,0.47,0.35,0.09,-0.07,0.25,-0.19,0.21,0.12,0.13,2010
133,22.90716,86.36744,34.1,168.0,4.3,310.0,0.39,0.19,110.9,,,,0.18,0.75,0.73,0.26,-0.04,0.07,0.03,-0.25,0.24,0.23,2010
134,22.81788,86.30456,30.1,216.0,4.2,256.0,0.39,0.48,88.5,,,,0.17,0.6,0.32,0.14,0.16,-0.19,0.01,0.02,0.2,0.32,2010
135,22.84679,86.40814,26.3,172.0,4.5,222.0,0.36,0.4,87.6,,,,0.1,0.6,0.45,-0.08,0.03,0.11,0.07,-0.14,0.34,0.2,2010
136,22.85677,86.35444,35.4,174.0,4.9,7.0,0.24,0.6,111.0,,,,0.2,0.21,0.53,-0.17,-0.17,-0.01,-0.03,0.21,0.6,0.15,2010
137,22.79874,86.47834,37.2,167.0,8.0,101.0,0.2,0.31,94.3,,,,0.07,0.22,0.85,-0.09,-0.02,0.21,-0.12,-0.12,0.24,0.42,2010
138,22.84706,86.29233,32.3,190.0,1.8,111.0,0.38,0.5,108.5,,,,0.23,0.32,0.42,0.29,0.11,-0.12,0.25,0.01,0.17,-0.15,2010
139,22.84957,86.46085,36.9,188.0,6.5,106.0,0.7,0.75,103.7,,,,-0.35,0.46,0.73,0.08,0.3,-0.14,0.22,0.18,0.44,-0.08,2010
140,22.8054,86.37483,31.4,212.0,7.9,123.0,0.5,0.28,119.5,,,,-0.06,0.54,0.25,0.16,0.01,-0.25,0.19,-0.14,-0.4,-0.34,2010
141,22.77664,86.40598,37.8,162.0,4.8,360.0,0.33,0.51,72.7,,,,0.0,0.48,0.42,0.12,-0.01,-0.03,0.01,-0.25,-0.31,0.52,2010
142,22.84291,86.331,31.8,176.0,4.2,40.0,0.41,0.24,96.2,,,,0.08,0.51,0.72,0.11,0.22,-0.0,0.23,0.09,-0.11,-0.01,2010
143,22.87016,86.29052,33.1,195.0,8.3,147.0,0.59,0.7,60.0,,,,0.24,0.38,0.85,-0.08,-0.07,0.17,0.0,-0.08,-0.12,0.06,2010
144,22.86145,86.34752,32.0,140.0,7.5,297.0,0.39,0.39,74.1,,,,-0.22,0.36,0.71,0.12,0.24,-0.25,-0.06,0.16,0.2,-0.45,2010
145,22.81416,86.27046,34.8,183.0,5.9,258.0,0.55,0.12,93.1,,,,-0.27,0.46,0.16,0.35,-0.01,-0.25,0.03,0.29,0.15,0.51,2010
146,22.78235,86.46465,33.3,222.0,5.0,248.0,0.32,0.16,78.3,,,,0.35,0.21,0.46,0.14,-0.05,-0.25,-0.14,0.15,0.35,0.06,2010
147,22.87756,86.34471,28.1,168.0,5.1,279.0,0.05,0.43,61.7,,,,-0.01,0.56,0.85,0.03,0.15,0.14,-0.14,0.23,-0.19,0.32,2010
148,22.77668,86.45486,26.9,185.0,4.8,175.0,0.42,0.44,87.2,,,,-0.11,0.27,0.32,0.27,0.3,0.23,-0.03,0.06,0.04,0.19,2010
149,22.76281,86.32134,37.5,204.0,5.7,87.0,0.05,0.49,98.5,,,,0.36,0.22,0.36,-0.09,0.05,-0.11,0.15,-0.04,-0.29,-0.39,2010
150,22.72344,86.3988,39.3,204.0,10.0,205.0,0.08,0.41,71.8,,,,0.24,0.32,0.63,0.07,0.14,0.18,0.1,-0.06,0.58,-0.11,2010
151,22.77665,86.3199,36.3,208.0,8.4,134.0,0.2,0.22,119.2,,,,0.1,0.45,0.15,-0.07,0.3,0.2,-0.02,-0.3,0.22,0.24,2010
152,22.79283,86.32727,34.4,212.0,7.4,85.0,0.05,0.44,100.3,,,,-0.25,0.43,0.15,0.15,0.26,0.23,-0.17,0.22,-0.2,0.58,2010
153,22.84566,86.45462,28.7,211.0,2.7,42.0,0.23,0.15,108.8,,,,-0.03,0.63,0.52,0.05,-0.06,-0.2,0.02,-0.3,0.34,0.0,2010
154,22.89022,86.43308,33.6,152.0,9.3,348.0,0.44,0.2,119.7,,,,0.03,0.52,0.65,0.32,-0.06,0.12,0.08,-0.28,0.32,0.12,2010
155,22.81611,86.34995,24.0,177.0,7.0,271.0,0.46,0.26,120.0,,,,-0.09,0.58,0.42,0.15,0.04,-0.16,0.21,0.07,0.02,0.29,2010
156,22.79434,86.40353,33.2,185.0,6.2,235.0,0.18,0.1,83.1,,,,0.21,0.19,0.79,0.05,-0.2,0.04,0.01,-0.3,0.16,0.08,2010
157,22.83204,86.362,27.6,157.0,6.4,184.0,0.37,0.49,99.9,,,,0.32,0.59,0.39,-0.2,0.02,0.25,0.21,0.03,-0.14,-0.29,2010
158,22.77046,86.36583,29.0,207.0,6.1,78.0,0.25,0.46,75.5,,,,0.38,0.75,0.24,0.33,0.05,-0.13,0.08,0.34,0.06,0.15,2010
159,22.82018,86.37443,33.0,185.0,5.1,263.0,0.35,0.21,107.2,,,,0.07,0.52,0.6,-0.18,0.02,-0.03,0.13,-0.3,0.37,-0.45,2010
160,22.77696,86.33921,32.9,205.0,8.7,146.0,0.36,0.53,105.8,,,,-0.12,0.72,0.35,0.35,0.3,-0.09,-0.05,-0.18,-0.4,-0.05,2010
161,22.82517,86.43107,30.8,185.0,9.3,137.0,0.44,0.43,98.1,,,,0.18,0.43,0.59,0.14,0.09,-0.04,-0.11,-0.3,0.21,-0.34,2010
162,22.81247,86.32497,33.7,189.0,6.2,253.0,0.27,0.75,120.0,,,,0.4,0.74,0.23,-0.05,-0.19,0.25,-0.09,0.43,0.17,0.22,2010
163,22.76247,86.42684,30.1,240.0,4.2,360.0,0.36,0.29,95.6,,,,0.31,0.1,0.29,0.08,0.11,-0.13,0.01,-0.3,0.02,0.17,2010
164,22.8215,86.4088,29.1,169.0,6.2,360.0,0.13,0.75,79.9,,,,-0.15,0.35,0.58,-0.2,0.1,-0.08,0.0,-0.16,0.11,-0.26,2010
165,22.82751,86.29357,24.9,140.0,5.9,99.0,0.38,0.2,119.7,,,,0.12,0.13,0.69,-0.03,0.03,0.16,0.09,-0.16,0.16,0.49,2010
166,22.81323,86.37748,35.1,200.0,6.7,284.0,0.32,0.22,97.3,,,,-0.09,0.36,0.15,-0.05,0.0,-0.25,0.07,0.25,0.36,0.18,2010
167,22.76134,86.27157,33.4,181.0,7.3,269.0,0.21,0.6,70.5,,,,0.34,0.15,0.28,0.19,-0.2,0.25,0.01,0.45,-0.01,0.25,2010
168,22.7836,86.43777,28.3,193.0,4.3,129.0,0.37,0.27,110.6,,,,0.03,0.38,0.43,0.35,-0.03,0.06,-0.03,-0.19,0.6,0.49,2010
169,22.89897,86.3821,29.2,146.0,5.0,0.0,0.12,0.44,81.9,,,,0.18,0.43,0.27,0.01,0.25,-0.21,-0.1,-0.05,-0.08,0.53,2010
170,22.75382,86.40296,37.2,159.0,8.4,170.0,0.27,0.26,70.3,,,,0.0,0.73,0.5,-0.04,-0.04,-0.04,0.25,-0.07,0.01,0.06,2010
171,22.79095,86.42823,26.5,210.0,5.2,173.0,0.52,0.62,60.0,,,,-0.34,0.5,0.28,-0.19,0.05,0.02,-0.02,0.31,0.31,0.46,2010
172,22.862,86.32996,28.4,193.0,6.4,32.0,0.36,0.29,120.0,,,,0.03,0.58,0.63,0.1,-0.1,0.16,-0.09,0.12,0.28,-0.17,2010
173,22.82074,86.28558,32.0,201.0,8.6,190.0,0.26,0.35,72.7,,,,0.06,0.14,0.64,0.09,0.03,-0.03,0.25,0.3,0.24,0.11,2010
174,22.80305,86.35863,31.2,196.0,2.6,18.0,0.41,0.59,120.0,,,,0.29,0.69,0.62,0.1,0.12,0.24,-0.07,-0.22,0.17,0.17,2010
175,22.76877,86.4332,37.0,204.0,3.2,102.0,0.42,0.43,85.3,,,,-0.35,0.27,0.64,-0.13,-0.01,0.01,0.2,0.09,0.6,-0.17,2010
176,22.8461,86.43003,36.5,152.0,7.9,176.0,0.61,0.47,76.7,,,,-0.05,0.46,0.71,0.19,-0.2,-0.25,0.25,0.07,0.28,0.65,2010
177,22.76368,86.45049,37.3,161.0,4.0,266.0,0.3,0.34,119.2,,,,0.04,0.4,0.61,-0.2,0.24,0.22,-0.17,0.15,-0.23,-0.27,2010
178,22.79405,86.34915,32.0,190.0,5.7,73.0,0.54,0.44,101.1,,,,0.08,0.46,0.31,0.34,-0.03,-0.02,-0.13,0.16,0.07,-0.04,2010
179,22.90075,86.40431,33.2,141.0,4.8,117.0,0.36,0.19,81.8,,,,-0.01,0.49,0.46,-0.18,-0.2,-0.16,0.21,0.04,-0.38,0.65,2010
180,22.84877,86.42123,28.3,221.0,6.1,41.0,0.41,0.53,63.0,,,,-0.03,0.55,0.62,0.01,-0.2,-0.16,0.13,-0.29,0.09,0.25,2010
181,22.8271,86.36933,24.0,217.0,5.7,319.0,0.43,0.41,108.7,,,,-0.35,0.45,0.35,-0.2,0.3,-0.18,0.16,0.09,-0.07,-0.09,2010
182,22.82739,86.1581,27.3,209.0,6.1,198.0,0.33,0.48,60.0,,,,-0.26,0.15,0.85,-0.14,0.14,0.08,-0.12,-0.17,0.23,-0.23,2010
183,22.87645,86.25426,33.5,177.0,4.5,245.0,0.41,0.39,72.8,,,,0.25,0.26,0.31,0.26,-0.2,-0.07,-0.25,0.45,0.26,0.14,2010
184,22.80534,86.3362,38.0,187.0,8.3,267.0,0.26,0.48,88.6,,,,0.2,0.4,0.38,0.15,-0.04,0.19,-0.16,-0.3,-0.08,-0.12,2010
185,22.82574,86.29753,26.3,166.0,6.8,316.0,0.52,0.1,109.8,,,,0.25,0.26,0.66,-0.12,0.18,0.16,0.02,-0.08,0.05,0.23,2010
186,22.76555,86.30125,30.2,221.0,8.7,134.0,0.36,0.13,108.1,,,,0.4,0.49,0.6,0.2,-0.09,0.25,-0.18,-0.24,0.31,0.28,2010
187,22.77078,86.34923,33.3,181.0,4.3,126.0,0.41,0.48,66.8,,,,-0.13,0.57,0.5,0.21,-0.08,-0.15,-0.06,0.45,0.42,0.05,2010
188,22.76334,86.36445,31.5,215.0,5.4,226.0,0.39,0.51,60.0,,,,0.01,0.44,0.65,0.01,-0.11,-0.25,0.16,0.02,0.03,0.32,2010
189,22.83068,86.32649,34.6,178.0,5.6,236.0,0.24,0.2,63.7,,,,-0.0,0.26,0.15,-0.02,0.12,0.13,0.03,0.19,0.29,0.31,2010
190,22.83419,86.31853,25.9,220.0,6.0,162.0,0.35,0.29,65.7,,,,-0.03,0.34,0.45,-0.09,-0.2,0.24,0.16,0.45,0.42,0.01,2010
191,22.78604,86.437,30.8,205.0,5.7,0.0,0.49,0.34,65.8,,,,-0.32,0.65,0.47,0.18,-0.2,-0.1,0.04,0.04,0.18,0.03,2010
192,22.84554,86.40775,30.8,206.0,2.4,63.0,0.7,0.51,68.2,,,,-0.19,0.24,0.67,-0.17,0.3,0.03,0.07,0.1,-0.17,0.23,2010
193,22.80347,86.35572,29.3,202.0,3.4,107.0,0.33,0.63,120.0,,,,0.14,0.46,0.53,-0.01,-0.18,0.05,-0.01,-0.16,-0.36,-0.42,2010
194,22.81247,86.36198,31.8,192.0,7.4,235.0,0.11,0.1,86.2,,,,0.17,0.47,0.15,0.18,-0.1,0.19,0.04,-0.18,0.6,0.43,2010
195,22.84915,86.4558,25.4,176.0,6.9,207.0,0.28,0.51,87.1,,,,0.1,0.31,0.24,-0.14,-0.07,0.25,0.01,0.16,0.15,0.45,2010
196,22.75673,86.41065,30.4,168.0,6.0,333.0,0.43,0.45,94.1,,,,-0.24,0.23,0.29,0.03,0.15,0.01,-0.11,0.21,-0.22,0.07,2010
197,22.76374,86.37825,30.5,179.0,6.5,305.0,0.09,0.42,92.6,,,,-0.08,0.11,0.57,0.02,0.1,0.23,-0.13,0.11,0.41,0.03,2010
198,22.78401,86.27324,32.7,182.0,6.0,211.0,0.43,0.32,72.8,,,,-0.11,0.3,0.5,0.13,0.05,0.23,0.17,0.17,0.6,0.21,2010
199,22.85372,86.39792,27.4,198.0,4.2,219.0,0.38,0.26,120.0,,,,0.04,0.75,0.56,0.03,-0.02,0.04,0.02,0.22,0.31,-0.17,2010
200,22.8421,86.30324,24.7,215.0,4.3,218.0,0.58,0.75,79.9,,,,-0.35,0.57,0.64,0.25,0.18,0.14,-0.15,0.09,-0.08,0.17,2010
201,22.80235,86.47813,28.3,187.0,5.0,285.0,0.09,0.55,86.1,,,,-0.01,0.7,0.42,0.06,0.13,-0.18,-0.1,0.42,0.18,-0.07,2010
202,22.81988,86.34714,29.6,177.0,6.3,335.0,0.4,0.42,72.4,,,,-0.07,0.32,0.75,-0.2,-0.2,-0.25,-0.02,-0.17,0.05,0.16,2010
203,22.86342,86.45009,40.3,192.0,4.4,350.0,0.52,0.51,120.0,,,,0.13,0.26,0.17,-0.1,0.26,-0.24,-0.22,0.4,0.15,0.15,2010
204,22.83468,86.36566,42.0,153.0,6.0,129.0,0.7,0.36,120.0,,,,0.26,0.1,0.52,-0.2,-0.08,-0.13,0.25,-0.15,0.0,0.04,2010
205,22.87734,86.44029,32.5,193.0,2.8,148.0,0.3,0.59,109.0,,,,0.06,0.45,0.56,-0.2,0.07,0.13,-0.09,-0.1,-0.25,0.19,2010
206,22.8468,86.2931,26.6,208.0,5.6,211.0,0.29,0.56,60.0,,,,-0.03,0.7,0.69,0.17,-0.04,0.19,0.25,-0.21,0.2,0.27,2010
207,22.89821,86.36889,33.0,226.0,6.6,85.0,0.07,0.64,80.8,,,,-0.31,0.18,0.44,-0.1,0.13,0.05,-0.11,0.45,0.22,-0.25,2010
208,22.73782,86.42561,26.6,185.0,6.5,116.0,0.32,0.18,60.0,,,,-0.12,0.69,0.18,0.16,0.21,0.07,0.11,-0.03,0.54,0.65,2010
209,22.83754,86.32642,34.6,169.0,5.3,59.0,0.23,0.28,87.8,,,,0.19,0.54,0.59,-0.19,0.25,-0.23,0.05,0.2,0.18,0.65,2010
210,22.80572,86.29546,30.3,169.0,3.6,207.0,0.32,0.1,76.8,,,,0.12,0.27,0.44,-0.01,-0.1,-0.13,0.13,0.04,0.49,-0.45,2010
211,22.78692,86.39964,26.2,173.0,4.0,156.0,0.35,0.41,77.6,,,,0.03,0.75,0.69,0.03,-0.03,-0.03,0.04,-0.14,-0.1,-0.16,2010
212,22.82923,86.43901,30.2,191.0,6.7,112.0,0.42,0.31,95.5,,,,0.13,0.3,0.34,-0.04,0.06,-0.25,-0.05,0.06,-0.1,0.2,2010
213,22.93403,86.41455,27.5,221.0,4.3,37.0,0.44,0.48,92.0,,,,-0.08,0.57,0.29,0.05,0.02,0.25,-0.12,0.06,0.06,-0.26,2010
214,22.84287,86.2914,36.4,191.0,5.2,167.0,0.31,0.21,94.3,,,,-0.12,0.53,0.26,-0.18,0.3,0.02,0.05,0.45,0.02,0.34,2010
215,22.77385,86.31096,32.3,210.0,5.9,2.0,0.43,0.29,120.0,,,,-0.02,0.29,0.52,0.19,-0.11,-0.19,-0.16,0.42,-0.4,-0.39,2010
216,22.74972,86.39859,35.5,168.0,10.0,183.0,0.38,0.47,100.3,,,,-0.22,0.45,0.33,-0.1,0.28,0.14,-0.21,-0.3,0.08,0.33,2010
217,22.83999,86.26442,35.0,170.0,6.3,78.0,0.26,0.62,120.0,,,,0.08,0.23,0.75,0.09,-0.01,0.19,-0.08,-0.18,0.13,-0.01,2010
218,22.87026,86.25418,38.3,147.0,6.3,204.0,0.48,0.37,112.0,,,,-0.15,0.27,0.78,0.25,-0.07,0.04,0.1,-0.06,0.52,-0.45,2010
219,22.80362,86.35251,30.6,156.0,5.8,187.0,0.5,0.53,68.1,,,,0.16,0.41,0.85,0.11,0.0,0.13,0.03,0.15,0.14,-0.44,2010
220,22.77447,86.48606,36.0,189.0,6.2,172.0,0.45,0.15,95.2,,,,-0.26,0.45,0.51,-0.02,-0.09,-0.22,0.02,-0.02,0.56,-0.11,2010
221,22.7861,86.28176,32.1,221.0,6.2,105.0,0.7,0.43,60.0,,,,0.03,0.59,0.69,0.15,-0.07,0.25,-0.2,-0.29,0.12,0.18,2010
222,22.74626,86.42773,37.2,193.0,4.4,208.0,0.57,0.1,96.8,,,,-0.14,0.75,0.63,0.05,-0.15,-0.01,-0.05,-0.03,-0.07,0.31,2010
223,22.8127,86.30216,40.5,188.0,7.5,245.0,0.31,0.36,107.7,,,,0.1,0.65,0.54,0.21,-0.02,0.04,-0.06,0.11,-0.02,-0.1,2010
224,22.81601,86.34554,34.7,215.0,5.7,84.0,0.25,0.43,66.5,,,,-0.22,0.6,0.61,-0.06,0.04,-0.12,-0.01,0.28,-0.4,-0.05,2010
225,22.7934,86.48411,24.1,220.0,5.2,82.0,0.27,0.34,89.2,,,,-0.35,0.27,0.15,0.28,0.12,0.17,0.07,-0.25,0.04,0.15,2010
226,22.92239,86.38988,27.4,179.0,3.6,126.0,0.36,0.3,81.1,,,,-0.11,0.1,0.73,0.01,0.13,-0.19,-0.25,0.03,0.12,0.54,2010
227,22.85242,86.38767,31.5,205.0,4.2,264.0,0.37,0.27,88.7,,,,0.4,0.48,0.83,0.35,0.25,-0.25,-0.25,0.05,0.2,0.39,2010
228,22.86032,86.43604,24.0,140.0,5.5,161.0,0.32,0.3,61.0,,,,0.2,0.66,0.15,-0.17,0.28,-0.07,0.04,0.1,0.09,-0.45,2010
229,22.79903,86.3607,33.6,175.0,4.4,136.0,0.15,0.52,77.6,,,,-0.32,0.13,0.69,0.29,-0.17,0.1,0.13,0.43,-0.17,-0.11,2010
230,22.81355,86.32046,28.9,197.0,7.5,34.0,0.36,0.67,120.0,,,,0.06,0.56,0.53,0.26,0.07,-0.21,0.0,-0.3,0.02,-0.15,2010
231,22.81344,86.48292,33.7,189.0,4.1,306.0,0.44,0.64,115.3,,,,0.01,0.75,0.33,-0.09,0.17,0.16,0.1,0.09,0.36,0.56,2010
232,22.73252,86.46594,42.0,189.0,6.9,218.0,0.4,0.21,75.2,,,,-0.15,0.71,0.52,0.28,0.12,0.02,0.04,-0.19,0.6,0.32,2010
233,22.8007,86.32304,31.2,222.0,7.4,119.0,0.7,0.36,106.0,,,,0.05,0.55,0.59,0.29,-0.07,0.21,0.09,0.05,-0.11,0.38,2010
234,22.95281,86.37596,24.0,176.0,7.7,299.0,0.17,0.31,63.6,,,,0.21,0.75,0.45,0.04,-0.0,0.09,-0.25,-0.13,-0.39,0.0,2010
235,22.7456,86.16851,39.9,196.0,4.5,277.0,0.26,0.41,95.4,,,,0.4,0.55,0.46,-0.12,0.21,-0.11,0.25,0.04,0.13,0.42,2010
236,22.81329,86.46803,28.0,215.0,5.8,149.0,0.37,0.15,85.7,,,,-0.26,0.42,0.38,0.35,0.03,0.05,-0.04,0.21,-0.4,0.59,2010
237,22.87339,86.37444,26.0,175.0,4.2,162.0,0.4,0.48,92.3,,,,0.25,0.44,0.48,0.1,0.15,0.11,-0.14,-0.0,0.19,-0.25,2010
238,22.84988,86.36419,38.5,240.0,3.8,170.0,0.13,0.21,77.3,,,,-0.35,0.58,0.8,0.35,0.3,0.25,-0.07,-0.06,-0.02,0.31,2010
239,22.65808,86.53131,27.5,240.0,5.3,90.0,0.5,0.32,76.3,,,,-0.05,0.58,0.29,-0.2,-0.16,-0.25,-0.05,-0.15,-0.0,-0.28,2010
240,22.83169,86.37073,29.5,240.0,6.6,289.0,0.43,0.22,76.5,,,,0.04,0.49,0.36,-0.2,0.06,0.14,0.12,0.1,-0.18,0.35,2010
241,22.79713,86.46681,40.9,180.0,8.5,280.0,0.57,0.1,87.9,,,,0.14,0.75,0.37,0.35,0.01,0.09,-0.11,0.09,-0.31,-0.09,2010
242,22.89005,86.19796,26.8,223.0,10.0,81.0,0.31,0.52,75.2,,,,-0.2,0.57,0.43,0.1,0.18,-0.13,-0.24,-0.11,-0.4,0.15,2010
243,22.79207,86.50256,37.0,166.0,7.1,136.0,0.41,0.75,85.7,,,,0.02,0.75,0.34,0.05,-0.08,-0.2,0.18,0.13,0.15,0.31,2010
244,22.87199,86.36709,24.0,179.0,3.5,308.0,0.27,0.58,106.5,,,,0.1,0.26,0.84,-0.1,-0.01,-0.0,0.05,0.05,0.19,-0.02,2010
245,22.74769,86.40855,31.7,190.0,8.5,165.0,0.48,0.32,89.4,,,,0.12,0.48,0.71,0.06,-0.08,0.12,-0.0,0.02,-0.05,0.16,2010
246,22.75738,86.34093,32.1,153.0,6.9,169.0,0.39,0.6,78.9,,,,-0.17,0.15,0.64,0.18,0.05,0.11,0.25,-0.2,-0.07,0.19,2010
247,22.79816,86.39288,31.5,183.0,2.6,57.0,0.41,0.55,66.9,,,,0.4,0.1,0.18,0.06,-0.2,-0.25,-0.09,-0.3,0.36,-0.21,2010
248,22.87347,86.41291,39.0,191.0,2.0,65.0,0.31,0.41,85.4,,,,0.05,0.41,0.42,0.3,0.3,-0.14,-0.25,0.14,-0.01,-0.07,2010
249,22.80748,86.42128,34.9,210.0,3.3,269.0,0.19,0.49,97.4,,,,-0.27,0.34,0.7,-0.18,-0.07,-0.09,0.02,0.13,0.01,-0.01,2010
250,22.78379,86.19023,27.8,191.0,1.8,70.0,0.42,0.51,107.8,,,,-0.18,0.35,0.42,-0.2,0.16,0.25,-0.15,0.12,-0.1,-0.26,2010
251,22.82633,86.29753,33.3,218.0,8.5,69.0,0.26,0.24,102.1,,,,-0.07,0.25,0.46,-0.12,-0.08,0.16,0.13,-0.09,0.06,0.26,2010
252,22.80786,86.43128,33.0,194.0,4.8,150.0,0.32,0.36,92.3,,,,-0.28,0.72,0.24,-0.09,0.3,-0.0,0.15,0.21,0.14,-0.33,2010
253,22.82815,86.34677,30.4,186.0,7.7,67.0,0.35,0.75,98.2,,,,0.02,0.39,0.66,-0.05,-0.04,-0.11,0.06,0.45,-0.36,0.56,2010
254,22.8531,86.45167,30.6,167.0,5.9,172.0,0.35,0.1,91.1,,,,0.1,0.75,0.59,0.35,0.3,0.15,0.07,0.01,0.38,0.29,2010
255,22.8681,86.30327,30.9,140.0,7.2,303.0,0.7,0.46,97.1,,,,0.06,0.22,0.43,0.05,-0.04,-0.1,0.04,0.13,0.17,0.61,2010
256,22.85225,86.15,35.7,177.0,5.0,360.0,0.22,0.32,64.5,,,,0.05,0.42,0.42,0.08,0.16,0.25,-0.05,0.32,0.2,0.49,2010
257,22.85377,86.384,32.0,190.0,5.9,183.0,0.54,0.23,117.3,,,,-0.11,0.28,0.45,0.17,-0.11,-0.07,0.19,0.1,0.15,0.65,2010
258,22.84544,86.41125,28.1,203.0,8.8,205.0,0.17,0.21,120.0,,,,-0.08,0.37,0.6,0.11,-0.11,-0.17,0.08,-0.08,0.02,0.11,2010
259,22.74968,86.38787,37.0,209.0,5.4,305.0,0.24,0.51,94.0,,,,-0.19,0.26,0.44,0.17,-0.03,0.2,0.04,-0.3,0.11,-0.09,2010
260,22.78692,86.43348,24.0,168.0,6.0,216.0,0.43,0.28,101.4,,,,-0.22,0.58,0.45,0.14,0.22,-0.15,-0.14,0.38,0.06,0.09,2010
261,22.79052,86.31852,36.9,177.0,7.3,240.0,0.05,0.54,84.8,,,,-0.08,0.64,0.42,-0.2,0.22,-0.25,-0.19,-0.22,0.42,0.65,2010
262,22.89978,86.43714,27.9,214.0,2.2,295.0,0.31,0.58,118.7,,,,-0.17,0.2,0.75,-0.2,0.3,0.1,0.24,0.13,-0.01,0.14,2010
263,22.86515,86.29311,24.0,236.0,2.1,44.0,0.41,0.34,103.0,,,,-0.29,0.48,0.51,0.34,0.3,-0.25,0.17,0.07,0.03,-0.25,2010
264,22.83268,86.41915,36.1,194.0,4.8,191.0,0.17,0.74,107.5,,,,0.09,0.64,0.34,-0.06,0.26,0.08,-0.1,-0.26,-0.09,0.23,2010
265,22.79807,86.42671,42.0,196.0,6.3,148.0,0.24,0.47,114.6,,,,-0.35,0.58,0.49,-0.08,-0.07,-0.02,-0.05,0.01,0.06,0.51,2010
266,22.80642,86.38932,24.0,183.0,6.3,173.0,0.34,0.63,87.1,,,,-0.17,0.65,0.78,0.16,-0.03,0.21,-0.06,0.36,0.31,0.27,2010
267,22.76506,86.3902,31.4,188.0,4.9,258.0,0.37,0.19,95.1,,,,0.2,0.6,0.49,0.11,0.02,-0.22,-0.05,0.08,0.3,-0.16,2010
268,22.89072,86.40411,34.2,194.0,4.1,85.0,0.39,0.3,98.8,,,,0.1,0.45,0.72,0.35,-0.07,-0.1,-0.14,0.39,0.26,0.36,2010
269,22.78681,86.4761,26.5,208.0,5.8,177.0,0.39,0.6,63.5,,,,-0.1,0.5,0.54,0.35,0.11,0.01,0.25,-0.17,0.33,-0.31,2010
270,22.76981,86.46143,26.0,212.0,6.5,135.0,0.54,0.35,120.0,,,,-0.35,0.54,0.68,0.05,0.16,0.06,0.01,0.13,0.47,-0.1,2010
271,22.7758,86.43821,25.2,216.0,4.3,319.0,0.3,0.75,60.0,,,,0.02,0.26,0.79,0.13,0.1,-0.23,0.04,-0.1,-0.2,-0.16,2010
272,22.88237,86.36732,40.2,167.0,6.9,323.0,0.39,0.44,87.0,,,,-0.27,0.57,0.43,0.06,0.1,-0.17,-0.17,0.1,-0.13,0.15,2010
273,22.81675,86.43791,32.5,205.0,5.4,71.0,0.61,0.1,120.0,,,,0.0,0.24,0.49,-0.11,-0.18,-0.18,0.09,0.02,0.32,-0.23,2010
274,22.79904,86.52981,26.3,183.0,5.1,265.0,0.6,0.48,68.3,,,,-0.13,0.52,0.46,0.21,0.15,0.08,-0.16,0.09,0.02,0.18,2010
275,22.77777,86.33675,34.7,178.0,2.6,223.0,0.37,0.7,66.1,,,,0.02,0.69,0.18,0.12,0.01,0.18,0.01,-0.22,0.07,0.13,2010
276,22.80069,86.44862,36.3,184.0,4.2,284.0,0.4,0.51,116.0,,,,0.24,0.41,0.4,0.35,0.01,-0.06,-0.01,0.16,0.22,-0.03,2010
277,22.73426,86.33848,25.0,229.0,4.7,128.0,0.31,0.54,79.1,,,,0.1,0.29,0.33,0.2,-0.2,-0.04,-0.02,-0.12,-0.2,0.27,2010
278,22.90078,86.34808,24.0,184.0,4.5,286.0,0.32,0.54,97.6,,,,-0.07,0.38,0.15,0.21,-0.11,0.25,0.14,-0.3,0.09,0.21,2010
279,22.80661,86.44183,28.3,201.0,4.8,135.0,0.52,0.39,72.2,,,,0.13,0.1,0.18,0.35,-0.2,0.06,0.01,-0.12,-0.19,0.03,2010
280,22.73793,86.36934,24.1,219.0,7.3,66.0,0.52,0.75,78.4,,,,-0.06,0.38,0.39,0.33,0.3,0.03,-0.21,0.08,-0.4,0.13,2010
281,22.85086,86.41845,32.6,164.0,5.5,143.0,0.29,0.55,109.6,,,,0.08,0.53,0.56,0.35,0.08,-0.06,-0.1,-0.09,-0.15,-0.24,2010
282,22.80137,86.29864,31.4,183.0,6.5,153.0,0.09,0.31,108.7,,,,0.03,0.53,0.73,0.01,0.01,0.09,-0.16,-0.26,0.13,0.09,2010
283,22.88089,86.40742,25.2,148.0,6.8,172.0,0.52,0.35,65.3,,,,0.07,0.49,0.51,0.14,-0.06,-0.04,-0.15,0.32,0.6,0.38,2010
284,22.85034,86.3826,24.8,162.0,5.6,119.0,0.41,0.43,80.8,,,,0.04,0.25,0.7,0.02,0.08,0.15,-0.13,-0.24,-0.4,-0.45,2010
285,22.77599,86.35413,30.3,191.0,6.6,250.0,0.3,0.13,60.0,,,,0.03,0.31,0.46,0.33,0.04,-0.15,-0.03,0.22,0.54,0.24,2010
286,22.74511,86.28842,34.8,177.0,3.6,284.0,0.25,0.1,117.4,,,,0.07,0.1,0.58,0.26,0.18,-0.25,-0.04,0.43,0.54,0.26,2010
287,22.75276,86.32415,26.6,196.0,4.1,176.0,0.55,0.5,82.4,,,,0.0,0.36,0.58,-0.1,-0.2,-0.25,-0.0,0.42,0.25,-0.27,2010
288,22.75804,86.35201,35.6,224.0,5.4,186.0,0.36,0.51,111.2,,,,0.13,0.29,0.75,0.15,0.02,0.0,0.19,0.41,0.55,0.42,2010
289,22.86365,86.34914,31.6,198.0,10.0,146.0,0.36,0.6,71.1,,,,-0.28,0.53,0.55,0.13,-0.03,-0.25,0.22,-0.17,0.6,0.09,2010
290,22.77537,86.26846,26.7,178.0,1.4,190.0,0.38,0.1,96.7,,,,0.09,0.31,0.45,-0.04,0.3,0.13,0.17,-0.3,0.06,-0.17,2010
291,22.82272,86.27182,32.8,198.0,2.2,332.0,0.6,0.51,118.8,,,,0.38,0.39,0.81,0.21,0.05,0.04,0.08,0.13,0.6,0.38,2010
292,22.80954,86.31737,30.8,145.0,8.4,106.0,0.38,0.12,107.0,,,,0.17,0.6,0.39,0.07,0.04,-0.13,0.06,0.14,0.22,0.16,2010
293,22.88048,86.4679,31.1,150.0,5.3,47.0,0.27,0.1,94.8,,,,-0.25,0.4,0.65,-0.11,0.06,-0.2,-0.25,-0.15,0.28,-0.2,2010
294,22.81411,86.35917,38.6,159.0,4.9,106.0,0.32,0.2,120.0,,,,0.01,0.64,0.36,-0.2,0.1,0.25,0.02,-0.23,0.6,0.18,2010
295,22.89368,86.38792,30.5,176.0,4.0,360.0,0.32,0.23,72.9,,,,-0.09,0.55,0.81,0.0,0.11,0.25,-0.04,0.45,-0.17,0.33,2010
296,22.8514,86.39442,35.9,188.0,6.2,0.0,0.68,0.22,120.0,,,,0.28,0.53,0.81,-0.1,-0.18,0.04,0.0,-0.22,0.13,-0.0,2010
297,22.85183,86.29764,27.6,225.0,8.4,296.0,0.52,0.25,120.0,,,,-0.34,0.51,0.46,0.35,0.08,-0.17,-0.25,-0.3,-0.14,-0.21,2010
298,22.85681,86.36224,38.4,140.0,7.2,326.0,0.4,0.49,83.8,,,,0.19,0.43,0.21,0.07,-0.2,0.25,0.25,-0.18,-0.03,0.02,2010
299,22.84689,86.48319,29.2,194.0,5.8,106.0,0.28,0.42,120.0,,,,0.16,0.12,0.73,0.0,0.29,0.18,-0.15,-0.08,0.38,-0.28,2010
300,22.85069,86.41745,28.6,174.0,5.9,269.0,0.1,0.37,75.5,,,,0.04,0.27,0.56,0.11,0.3,0.04,0.13,-0.09,-0.31,0.11,2010
301,22.75078,86.2664,33.2,178.0,6.9,336.0,0.41,0.33,69.7,,,,-0.21,0.51,0.65,-0.09,-0.2,-0.25,-0.02,-0.3,-0.11,0.4,2010
302,22.94224,86.37489,32.2,196.0,6.0,78.0,0.47,0.41,85.0,,,,0.16,0.28,0.51,0.05,0.24,0.15,-0.11,0.45,0.28,-0.25,2010
303,22.86851,86.33348,36.6,201.0,7.7,172.0,0.28,0.62,100.5,,,,0.13,0.31,0.44,0.09,0.19,-0.04,-0.03,-0.3,0.55,0.07,2010
304,22.75857,86.35012,27.7,196.0,7.4,286.0,0.41,0.75,80.2,,,,-0.11,0.48,0.44,0.21,0.01,-0.25,0.05,0.38,0.6,0.5,2010
305,22.78789,86.41606,24.3,211.0,6.3,194.0,0.14,0.23,96.6,,,,-0.04,0.56,0.65,0.25,-0.06,-0.25,0.16,0.25,0.26,-0.16,2010
306,22.79481,86.44241,32.6,216.0,6.9,282.0,0.24,0.12,87.9,,,,-0.07,0.25,0.57,0.05,0.3,0.06,-0.18,0.1,0.06,0.35,2010
307,22.86857,86.47733,37.6,190.0,8.6,145.0,0.2,0.26,118.4,,,,0.07,0.46,0.51,0.07,-0.08,-0.09,0.25,0.11,0.53,-0.34,2010
308,22.76981,86.31668,32.3,240.0,8.9,0.0,0.27,0.44,60.0,,,,-0.14,0.32,0.56,-0.06,-0.05,0.22,-0.01,-0.01,0.23,-0.1,2010
309,22.85699,86.38323,35.7,172.0,5.2,107.0,0.14,0.35,85.5,,,,0.23,0.34,0.84,0.01,0.29,0.09,0.06,-0.3,0.09,0.43,2010
310,22.7326,86.24909,26.7,173.0,3.3,263.0,0.59,0.7,73.2,,,,0.14,0.49,0.45,0.29,0.01,-0.09,-0.01,0.33,-0.03,0.19,2010
311,22.7974,86.32095,30.1,191.0,3.5,212.0,0.52,0.24,91.1,,,,0.36,0.44,0.49,-0.2,-0.2,0.15,0.08,-0.02,-0.14,0.54,2010
312,22.80306,86.26582,28.8,195.0,3.9,0.0,0.37,0.29,65.9,,,,-0.1,0.6,0.35,0.02,0.15,0.24,0.15,-0.08,-0.19,0.29,2010
313,22.79566,86.48307,36.7,186.0,6.4,132.0,0.52,0.41,96.6,,,,-0.35,0.42,0.57,0.31,0.3,-0.1,-0.17,-0.13,0.33,-0.17,2010
314,22.71587,86.26505,39.7,168.0,6.4,57.0,0.36,0.45,102.4,,,,-0.07,0.68,0.64,-0.2,-0.13,-0.1,0.17,0.1,0.43,0.36,2010
315,22.77187,86.25519,24.9,171.0,6.6,227.0,0.35,0.52,70.9,,,,-0.21,0.28,0.51,0.07,-0.2,-0.16,-0.25,-0.14,0.23,0.03,2010
316,22.78371,86.32296,41.9,153.0,5.2,251.0,0.32,0.1,108.8,,,,0.3,0.1,0.56,-0.07,-0.02,-0.18,0.04,0.25,0.38,0.59,2010
317,22.79053,86.23973,35.5,224.0,2.6,103.0,0.05,0.18,62.1,,,,0.16,0.63,0.18,0.31,0.07,-0.25,0.08,0.07,0.12,-0.19,2010
318,22.83814,86.41383,30.4,168.0,4.8,0.0,0.41,0.7,116.4,,,,0.13,0.48,0.43,0.19,-0.07,0.08,-0.03,0.07,0.31,0.2,2010
319,22.80527,86.40635,27.7,173.0,4.7,243.0,0.49,0.15,118.1,,,,-0.16,0.42,0.37,0.18,-0.13,-0.25,-0.04,-0.12,0.01,-0.03,2010
320,22.84902,86.36253,32.4,185.0,4.8,261.0,0.34,0.61,107.4,,,,-0.12,0.74,0.42,0.35,-0.03,-0.02,-0.25,0.2,0.04,0.58,2010
321,22.8632,86.41946,26.6,217.0,3.7,245.0,0.48,0.1,106.6,,,,-0.17,0.75,0.48,0.06,-0.02,-0.25,-0.23,0.26,0.11,-0.11,2010
322,22.84388,86.29928,24.0,166.0,4.5,313.0,0.64,0.33,106.7,,,,0.15,0.41,0.39,-0.02,0.16,-0.21,-0.14,0.04,0.22,0.07,2010
323,22.82491,86.39674,34.7,187.0,4.6,285.0,0.09,0.26,115.6,,,,0.18,0.49,0.67,-0.07,0.25,-0.25,0.19,0.03,0.38,-0.06,2010
324,22.95383,86.24796,36.0,227.0,4.5,360.0,0.39,0.21,120.0,,,,0.15,0.59,0.69,-0.2,0.3,-0.05,-0.06,-0.13,0.26,-0.42,2010
325,22.75151,86.38919,25.9,180.0,2.7,122.0,0.26,0.13,120.0,,,,0.09,0.36,0.41,0.24,-0.12,-0.04,0.07,-0.06,0.12,0.08,2010
326,22.92228,86.3977,35.9,184.0,7.4,281.0,0.41,0.52,71.5,,,,-0.22,0.69,0.59,0.16,0.05,0.25,-0.1,-0.22,0.6,0.18,2010
327,22.84416,86.40501,36.0,199.0,9.9,236.0,0.53,0.42,60.0,,,,0.03,0.39,0.36,-0.2,0.09,-0.03,0.04,0.02,-0.24,0.22,2010
328,22.87394,86.24726,34.4,202.0,5.0,234.0,0.05,0.38,69.4,,,,0.14,0.21,0.43,0.34,0.13,0.03,-0.01,0.24,-0.05,0.56,2010
329,22.84173,86.51406,37.5,162.0,7.4,103.0,0.08,0.36,98.2,,,,-0.35,0.35,0.81,0.22,0.16,0.1,0.18,0.1,0.6,0.02,2010
330,22.78481,86.33999,36.3,172.0,4.9,196.0,0.27,0.23,113.4,,,,0.05,0.3,0.15,0.01,-0.2,0.15,-0.03,0.12,-0.4,0.02,2010
331,22.83789,86.3729,33.1,191.0,3.6,113.0,0.55,0.36,86.9,,,,-0.09,0.74,0.52,-0.11,-0.07,-0.25,-0.03,-0.14,-0.28,0.06,2010
332,22.77344,86.31675,33.3,203.0,1.5,214.0,0.31,0.64,112.3,,,,-0.05,0.75,0.85,-0.11,-0.11,-0.01,-0.23,-0.2,-0.01,-0.45,2010
333,22.76921,86.30663,34.7,209.0,7.6,310.0,0.2,0.61,118.6,,,,0.16,0.15,0.73,-0.16,0.2,-0.25,0.04,0.1,0.32,0.3,2010
334,22.85536,86.31748,35.3,196.0,4.4,126.0,0.47,0.17,97.0,,,,0.04,0.52,0.15,-0.12,-0.2,0.11,0.06,0.45,0.19,0.14,2010
335,22.78437,86.31524,33.2,183.0,6.0,184.0,0.52,0.57,97.6,,,,-0.03,0.4,0.48,0.02,0.3,-0.25,-0.09,-0.02,0.04,0.19,2010
336,22.82585,86.36388,29.4,185.0,3.6,172.0,0.41,0.43,60.3,,,,-0.35,0.69,0.77,-0.2,0.0,0.19,0.09,0.18,0.43,0.25,2010
337,22.87739,86.37261,39.3,161.0,8.8,94.0,0.22,0.42,100.0,,,,0.4,0.27,0.28,-0.12,-0.05,0.05,-0.01,0.34,-0.21,0.08,2010
338,22.69536,86.46445,32.1,185.0,6.9,159.0,0.18,0.25,63.3,,,,0.14,0.53,0.15,-0.13,-0.05,0.1,-0.09,-0.02,-0.27,0.59,2010
339,22.76627,86.33435,26.7,214.0,5.5,113.0,0.24,0.48,68.8,,,,-0.17,0.28,0.62,0.18,-0.2,0.14,-0.08,0.45,0.29,0.54,2010
340,22.78088,86.40149,29.0,217.0,6.1,232.0,0.4,0.43,64.2,,,,0.0,0.67,0.47,-0.07,-0.2,0.05,0.01,0.13,-0.03,-0.11,2010
341,22.75131,86.4285,24.0,163.0,5.3,37.0,0.32,0.47,84.7,,,,0.3,0.1,0.36,0.09,0.2,0.25,0.24,0.0,0.0,0.11,2010
342,22.77288,86.26777,38.8,231.0,6.4,344.0,0.26,0.4,60.0,,,,0.03,0.75,0.54,-0.2,-0.0,-0.11,0.1,0.43,-0.16,0.21,2010
343,22.81076,86.38332,31.8,181.0,5.4,288.0,0.22,0.21,118.7,,,,-0.12,0.37,0.85,-0.02,0.26,0.25,-0.04,-0.1,0.18,0.65,2010
344,22.88644,86.40319,40.7,196.0,8.4,138.0,0.47,0.75,101.6,,,,0.21,0.35,0.7,-0.08,0.18,0.15,0.19,-0.3,-0.28,0.65,2010
345,22.85729,86.33641,33.3,163.0,5.1,188.0,0.05,0.61,78.9,,,,0.17,0.48,0.85,0.28,0.03,0.06,-0.19,0.14,0.1,0.07,2010
346,22.77328,86.29094,34.0,141.0,3.5,317.0,0.26,0.44,71.1,,,,0.14,0.38,0.5,0.24,0.03,-0.25,0.12,0.19,-0.1,0.44,2010
347,22.8166,86.35798,28.8,180.0,4.6,345.0,0.1,0.28,120.0,,,,0.27,0.42,0.54,0.08,-0.01,-0.17,0.23,0.45,-0.24,-0.04,2010
348,22.8024,86.38932,36.0,205.0,2.3,139.0,0.29,0.39,111.7,,,,0.13,0.29,0.15,0.05,0.17,-0.08,-0.16,-0.3,0.08,-0.15,2010
349,22.79624,86.3751,32.5,158.0,7.1,130.0,0.27,0.6,88.6,,,,-0.24,0.56,0.44,-0.0,-0.2,-0.04,0.19,-0.17,0.12,0.02,2010
350,22.78671,86.37118,31.1,198.0,6.5,214.0,0.39,0.68,67.1,,,,0.17,0.28,0.67,0.31,-0.05,-0.25,0.22,-0.24,0.23,0.35,2010
351,22.80106,86.4366,30.1,183.0,4.6,0.0,0.31,0.14,120.0,,,,0.13,0.36,0.67,0.04,0.3,-0.04,-0.08,0.06,-0.12,0.01,2010
352,22.74508,86.30113,37.3,184.0,3.3,268.0,0.59,0.56,73.9,,,,-0.19,0.38,0.48,-0.03,0.3,0.25,-0.03,0.45,0.02,0.61,2010
353,22.73836,86.49077,29.4,176.0,4.7,297.0,0.37,0.51,120.0,,,,-0.18,0.54,0.31,0.0,0.21,0.13,-0.11,0.45,0.1,-0.35,2010
354,22.88765,86.39239,29.6,209.0,8.0,296.0,0.42,0.27,92.1,,,,0.25,0.75,0.59,-0.17,-0.16,-0.25,0.2,0.16,0.44,-0.14,2010
355,22.85103,86.41044,35.2,203.0,6.0,192.0,0.37,0.21,102.3,,,,0.2,0.75,0.71,-0.16,0.22,0.06,0.02,-0.03,0.6,0.02,2010
356,22.84357,86.37889,33.7,191.0,6.1,289.0,0.37,0.75,98.2,,,,0.18,0.52,0.18,0.1,0.21,-0.09,0.15,-0.04,0.43,0.53,2010
357,22.77529,86.48868,36.0,215.0,10.0,171.0,0.25,0.26,81.9,,,,0.27,0.63,0.43,-0.05,-0.18,0.25,-0.21,-0.18,0.2,0.28,2010
358,22.81446,86.44964,28.9,196.0,6.6,224.0,0.26,0.1,82.3,,,,-0.35,0.35,0.43,0.23,0.09,0.23,-0.17,0.15,0.05,0.05,2010
359,22.83573,86.32232,32.7,182.0,8.4,138.0,0.44,0.6,109.7,,,,-0.13,0.28,0.41,-0.07,0.14,0.24,-0.24,0.45,0.07,0.41,2010
360,22.82463,86.18794,28.2,195.0,4.8,253.0,0.5,0.32,101.8,,,,-0.35,0.65,0.5,0.12,0.02,-0.25,-0.13,0.4,-0.4,0.17,2010
361,22.74562,86.34169,41.7,181.0,5.3,297.0,0.37,0.33,101.0,,,,0.26,0.5,0.85,0.29,0.26,-0.25,-0.04,0.2,-0.02,-0.3,2010
362,22.77084,86.36297,28.3,205.0,3.3,213.0,0.6,0.41,106.9,,,,0.13,0.29,0.4,0.06,-0.1,0.06,0.03,0.29,-0.19,0.23,2010
363,22.78098,86.529,26.5,182.0,8.2,141.0,0.56,0.58,86.3,,,,0.14,0.41,0.64,-0.12,0.27,-0.12,-0.19,0.45,0.17,0.18,2010
364,22.85024,86.33277,30.9,185.0,6.0,111.0,0.05,0.37,82.7,,,,0.18,0.15,0.31,0.35,-0.05,-0.11,-0.02,0.09,-0.37,0.44,2010
365,22.79438,86.38062,34.5,229.0,2.9,202.0,0.5,0.51,113.9,,,,0.28,0.51,0.85,-0.15,-0.2,-0.12,-0.11,-0.0,0.23,-0.04,2010
366,22.84773,86.35457,42.0,210.0,6.3,162.0,0.14,0.25,87.4,,,,-0.22,0.75,0.15,0.07,0.25,-0.25,0.09,-0.3,0.12,0.49,2010
367,22.78407,86.3716,34.8,193.0,2.3,220.0,0.53,0.34,101.3,,,,-0.06,0.72,0.48,0.12,0.19,-0.11,0.02,-0.3,0.6,0.39,2010
368,22.87381,86.36857,42.0,240.0,4.7,194.0,0.53,0.1,107.5,,,,-0.02,0.75,0.49,-0.01,0.06,-0.17,-0.06,-0.3,0.52,0.03,2010
369,22.84477,86.31765,28.3,203.0,9.9,140.0,0.12,0.39,65.6,,,,0.36,0.19,0.33,0.35,-0.06,0.14,-0.04,0.07,-0.12,0.24,2010
370,22.84488,86.30951,42.0,148.0,5.3,34.0,0.05,0.75,104.9,,,,0.29,0.4,0.37,0.22,-0.05,-0.16,-0.11,-0.0,-0.14,0.36,2010
371,22.83105,86.34905,24.0,180.0,2.8,360.0,0.24,0.5,84.5,,,,-0.18,0.35,0.4,0.15,0.04,-0.04,-0.1,0.19,-0.15,0.1,2010
372,22.83244,86.38234,34.1,179.0,7.5,224.0,0.43,0.75,87.0,,,,0.01,0.4,0.27,-0.12,-0.01,-0.02,0.15,-0.15,0.39,0.39,2010
373,22.79133,86.38139,34.5,192.0,4.8,194.0,0.15,0.38,100.1,,,,0.02,0.45,0.61,-0.15,-0.14,-0.01,0.21,0.42,0.37,0.07,2010
374,22.80534,86.34245,36.3,182.0,9.3,269.0,0.44,0.1,83.3,,,,-0.03,0.72,0.47,0.26,0.19,0.01,0.02,0.36,0.01,0.45,2010
375,22.74421,86.35392,38.0,175.0,4.0,173.0,0.45,0.47,106.2,,,,0.04,0.69,0.85,-0.01,0.25,0.17,-0.03,0.35,0.6,0.17,2010
376,22.81066,86.39195,29.1,154.0,6.3,55.0,0.17,0.53,102.7,,,,0.02,0.62,0.46,0.26,0.3,-0.25,-0.03,-0.2,0.6,0.65,2010
377,22.78159,86.32016,29.2,172.0,3.7,152.0,0.59,0.1,75.7,,,,0.16,0.67,0.52,-0.17,0.07,0.02,0.13,0.28,0.16,0.33,2010
378,22.80682,86.42633,32.5,194.0,6.3,191.0,0.62,0.17,65.7,,,,-0.03,0.47,0.31,-0.19,0.02,0.05,-0.12,0.08,0.23,0.57,2010
379,22.8031,86.3416,26.1,151.0,5.8,0.0,0.6,0.24,94.9,,,,-0.04,0.61,0.85,0.35,-0.16,0.15,-0.04,0.03,0.19,0.49,2010
380,22.78878,86.32603,41.7,183.0,5.8,67.0,0.34,0.49,77.1,,,,0.2,0.48,0.61,-0.15,-0.2,0.25,0.04,0.05,-0.32,-0.45,2010
381,22.88161,86.50396,38.6,200.0,4.1,158.0,0.32,0.74,103.8,,,,-0.33,0.75,0.49,-0.12,-0.03,-0.11,-0.04,-0.24,0.37,0.17,2010
382,22.75756,86.25895,26.1,214.0,5.7,239.0,0.61,0.72,70.2,,,,0.4,0.2,0.39,-0.03,-0.18,0.07,0.11,-0.23,0.04,-0.31,2010
383,22.7799,86.34526,34.1,186.0,5.2,219.0,0.43,0.15,98.7,,,,-0.1,0.36,0.85,0.13,0.04,0.22,-0.08,0.31,0.22,-0.45,2010
384,22.87467,86.27074,38.6,161.0,6.9,177.0,0.34,0.55,62.8,,,,-0.05,0.75,0.52,0.35,0.28,-0.02,-0.12,0.12,0.48,-0.44,2010
385,22.89181,86.42814,32.2,140.0,7.7,120.0,0.36,0.39,108.7,,,,0.1,0.75,0.3,0.35,0.3,0.08,0.0,-0.2,0.41,-0.18,2010
386,22.78803,86.4166,24.4,208.0,4.6,155.0,0.5,0.46,85.8,,,,-0.23,0.43,0.46,0.23,0.26,0.12,-0.15,-0.01,0.11,0.45,2010
387,22.81862,86.38921,36.2,223.0,7.2,69.0,0.41,0.31,97.3,,,,0.13,0.47,0.27,0.15,-0.2,0.25,0.09,0.12,0.1,-0.16,2010
388,22.81733,86.51145,29.1,199.0,4.5,195.0,0.28,0.17,90.7,,,,0.22,0.1,0.42,0.01,-0.2,0.13,-0.07,-0.13,0.41,0.37,2010
389,22.79861,86.21186,28.2,214.0,9.4,26.0,0.27,0.27,86.9,,,,0.11,0.68,0.41,0.26,0.19,-0.06,-0.01,0.03,0.29,-0.29,2010
390,22.88716,86.26129,28.9,211.0,4.2,174.0,0.27,0.46,77.8,,,,0.02,0.31,0.39,-0.2,0.04,-0.11,-0.25,0.13,-0.4,-0.04,2010
391,22.75343,86.26959,32.6,155.0,10.0,215.0,0.42,0.59,120.0,,,,-0.31,0.1,0.26,0.25,0.3,0.12,0.09,-0.15,0.23,-0.38,2010
392,22.78494,86.44931,37.2,180.0,7.0,61.0,0.28,0.46,103.6,,,,-0.35,0.49,0.85,-0.2,0.3,-0.25,-0.15,-0.2,0.57,-0.1,2010
393,22.8056,86.40872,37.2,224.0,6.0,269.0,0.05,0.32,107.0,,,,0.29,0.33,0.21,-0.14,0.12,-0.09,-0.02,-0.27,-0.17,0.33,2010
394,22.89096,86.36568,37.8,201.0,7.5,188.0,0.23,0.26,100.7,,,,-0.35,0.31,0.62,0.18,-0.07,-0.18,-0.03,-0.17,-0.3,-0.05,2010
395,22.83783,86.54567,37.6,193.0,4.1,77.0,0.41,0.58,84.6,,,,-0.24,0.75,0.5,0.1,0.04,0.25,0.03,0.41,0.17,-0.09,2010
396,22.92747,86.35296,29.5,192.0,1.0,192.0,0.46,0.13,120.0,,,,0.21,0.37,0.15,0.3,0.06,0.01,0.25,0.18,0.55,0.12,2010
397,22.86336,86.49328,34.3,181.0,6.5,45.0,0.5,0.48,74.3,,,,-0.04,0.18,0.24,-0.14,0.21,0.25,-0.08,0.13,0.43,-0.08,2010
398,22.73423,86.32962,39.3,219.0,5.3,295.0,0.3,0.75,78.7,,,,-0.01,0.55,0.24,0.18,0.02,0.08,-0.24,0.02,-0.05,0.26,2010
399,22.79637,86.45224,32.0,195.0,6.4,119.0,0.54,0.47,92.7,,,,-0.08,0.71,0.74,0.1,0.3,-0.01,0.15,-0.28,0.44,0.14,2010
400,22.82363,86.33746,38.4,216.0,4.5,142.0,0.14,0.27,120.0,,,,-0.19,0.48,0.34,-0.1,0.04,-0.25,-0.02,-0.18,0.59,-0.45,2010
401,22.86354,86.34643,35.3,168.0,6.5,38.0,0.2,0.54,76.9,,,,-0.02,0.2,0.67,-0.06,0.04,0.19,0.2,-0.04,0.12,-0.34,2010
402,22.83142,86.4316,36.5,185.0,4.1,253.0,0.62,0.24,101.4,,,,0.16,0.38,0.29,-0.04,-0.02,-0.05,-0.18,0.04,-0.4,-0.1,2010
403,22.7781,86.46793,24.0,195.0,6.7,0.0,0.3,0.22,87.4,,,,-0.19,0.75,0.67,0.26,0.11,0.08,-0.11,-0.02,-0.01,0.2,2010
404,22.84275,86.40445,35.9,167.0,5.6,181.0,0.05,0.23,120.0,,,,-0.04,0.47,0.61,0.2,0.22,0.15,0.19,0.08,-0.3,-0.45,2010
405,22.79476,86.25113,36.6,238.0,8.3,189.0,0.27,0.18,104.9,,,,0.38,0.26,0.51,-0.2,0.3,0.25,-0.15,0.43,-0.4,0.3,2010
406,22.88638,86.35696,31.2,234.0,7.8,242.0,0.31,0.14,120.0,,,,0.16,0.51,0.48,0.14,-0.06,0.25,0.07,0.45,0.01,0.65,2010
407,22.92614,86.26996,33.8,187.0,5.4,226.0,0.4,0.57,70.4,,,,-0.04,0.47,0.5,0.35,0.14,0.02,-0.1,0.28,0.08,0.18,2010
408,22.76449,86.39626,42.0,200.0,2.9,146.0,0.44,0.25,81.6,,,,0.08,0.17,0.66,-0.04,-0.2,0.25,-0.04,-0.17,-0.4,0.11,2010
409,22.78484,86.26234,36.9,161.0,3.7,199.0,0.58,0.1,81.4,,,,-0.23,0.45,0.59,0.35,0.07,0.11,0.03,-0.3,-0.01,0.04,2010
410,22.72232,86.29283,35.1,159.0,2.3,115.0,0.59,0.45,60.0,,,,-0.29,0.21,0.59,0.17,0.11,-0.25,0.25,0.02,-0.32,-0.45,2010
411,22.79622,86.35543,28.9,204.0,7.7,0.0,0.4,0.68,120.0,,,,-0.15,0.67,0.58,0.3,0.17,0.0,0.03,-0.23,0.07,-0.13,2010
412,22.85004,86.2533,29.1,181.0,8.2,171.0,0.38,0.26,112.5,,,,0.05,0.69,0.81,-0.2,-0.03,0.2,-0.1,-0.05,0.55,0.48,2010
413,22.84148,86.41254,31.2,166.0,4.5,161.0,0.44,0.38,95.8,,,,-0.16,0.59,0.85,0.05,0.03,0.15,0.17,0.06,0.06,-0.33,2010
414,22.78559,86.40887,38.3,188.0,4.8,85.0,0.14,0.24,100.2,,,,-0.14,0.29,0.15,0.31,0.17,0.19,-0.04,-0.06,-0.01,-0.45,2010
415,22.85594,86.30407,35.0,190.0,3.8,360.0,0.48,0.22,77.1,,,,-0.0,0.31,0.53,-0.05,-0.11,-0.1,-0.17,-0.04,0.48,0.21,2010
416,22.78383,86.37005,30.3,187.0,6.1,200.0,0.34,0.58,86.8,,,,0.34,0.66,0.43,0.1,0.3,-0.25,-0.09,-0.11,-0.07,-0.06,2010
417,22.84299,86.36807,32.8,199.0,5.3,143.0,0.54,0.51,77.5,,,,-0.08,0.75,0.51,0.32,-0.04,0.05,-0.13,-0.02,-0.12,0.37,2010
418,22.86004,86.41308,39.2,202.0,8.5,121.0,0.52,0.4,120.0,,,,-0.29,0.15,0.85,-0.04,0.18,0.02,-0.15,0.13,0.6,-0.06,2010
419,22.78724,86.47481,40.0,178.0,9.0,114.0,0.55,0.33,75.6,,,,-0.14,0.32,0.35,-0.13,0.25,-0.25,-0.09,0.06,-0.05,0.28,2010
420,22.83921,86.36027,38.8,207.0,4.7,55.0,0.19,0.35,92.0,,,,0.1,0.63,0.3,-0.2,-0.11,0.25,-0.06,0.08,-0.04,0.07,2010
421,22.83114,86.4132,31.1,240.0,5.2,251.0,0.24,0.38,93.1,,,,0.29,0.48,0.6,-0.0,0.09,-0.11,0.01,-0.2,0.12,-0.09,2010
422,22.83099,86.28828,26.3,193.0,5.0,182.0,0.51,0.38,91.8,,,,0.17,0.22,0.49,0.16,0.1,-0.13,0.04,0.08,-0.09,0.12,2010
423,22.83077,86.37867,32.4,200.0,6.9,256.0,0.35,0.45,108.2,,,,0.18,0.61,0.64,-0.09,-0.1,0.13,-0.19,0.01,-0.4,-0.43,2010
424,22.93609,86.48577,24.0,141.0,4.7,221.0,0.52,0.62,107.6,,,,0.01,0.56,0.36,0.09,-0.2,-0.12,0.01,0.24,0.39,-0.03,2010
425,22.77053,86.34204,35.9,164.0,1.0,197.0,0.07,0.52,89.7,,,,-0.14,0.37,0.5,0.19,-0.2,0.02,0.13,-0.01,0.15,0.38,2010
426,22.91012,86.33112,29.6,215.0,2.9,181.0,0.32,0.27,98.0,,,,-0.0,0.4,0.66,-0.1,0.1,0.17,0.12,0.19,0.03,0.2,2010
427,22.79403,86.28106,24.0,193.0,8.2,264.0,0.05,0.28,94.9,,,,-0.04,0.41,0.43,0.24,-0.11,0.03,0.03,0.11,0.17,-0.04,2010
428,22.81054,86.28502,24.1,173.0,2.3,184.0,0.43,0.5,114.3,,,,0.09,0.54,0.6,0.35,0.03,-0.0,0.11,-0.18,0.1,0.03,2010
429,22.7902,86.36985,28.0,233.0,5.8,0.0,0.25,0.43,94.8,,,,-0.18,0.27,0.66,0.13,0.01,0.06,0.01,0.26,-0.33,0.11,2010
